username,password,ip_address,device_info,is_pirate
test,abc123,192.168.10.01,Chrome,0
user1,password1,235.114.135.89,device1,0
user2,password2,161.171.187.8,device2,0
user3,password3,163.173.146.171,device3,1
user4,password4,211.10.135.48,device4,1
user5,password5,116.156.0.225,device5,1
user6,password6,162.63.138.69,device6,0
user7,password7,241.175.237.234,device7,0
user8,password8,25.181.133.166,device8,1
user9,password9,180.91.238.120,device9,0
user10,password10,241.143.112.16,device10,1
user11,password11,9.202.61.128,device11,0
user12,password12,66.3.234.47,device12,1
user13,password13,167.76.148.224,device13,0
user14,password14,58.176.191.248,device14,0
user15,password15,255.5.44.107,device15,1
user16,password16,163.207.88.207,device16,0
user17,password17,49.141.156.244,device17,1
user18,password18,223.55.141.150,device18,0
user19,password19,35.54.93.171,device19,1
user20,password20,100.187.240.145,device20,0
user21,password21,130.245.94.147,device21,0
user22,password22,136.74.98.158,device22,1
user23,password23,212.191.97.117,device23,1
user24,password24,122.36.134.154,device24,0
user25,password25,115.150.57.18,device25,1
user26,password26,230.157.16.4,device26,0
user27,password27,71.230.58.178,device27,0
user28,password28,121.15.17.68,device28,0
user29,password29,253.227.31.179,device29,0
user30,password30,196.104.199.16,device30,0
user31,password31,200.163.112.25,device31,1
user32,password32,235.102.14.76,device32,0
user33,password33,245.84.250.165,device33,1
user34,password34,82.236.139.238,device34,1
user35,password35,47.161.254.187,device35,1
user36,password36,76.104.37.227,device36,1
user37,password37,230.163.243.212,device37,0
user38,password38,54.37.95.118,device38,1
user39,password39,189.22.130.177,device39,0
user40,password40,212.89.132.197,device40,1
user41,password41,141.205.14.219,device41,1
user42,password42,99.1.182.189,device42,1
user43,password43,82.41.139.113,device43,1
user44,password44,32.142.175.217,device44,0
user45,password45,213.195.3.41,device45,1
user46,password46,199.84.89.200,device46,1
user47,password47,41.113.15.93,device47,1
user48,password48,176.63.39.43,device48,0
user49,password49,237.153.7.233,device49,1
user50,password50,122.86.161.111,device50,1
user51,password51,253.241.24.238,device51,1
user52,password52,96.232.47.208,device52,0
user53,password53,150.155.163.231,device53,1
user54,password54,24.249.243.143,device54,1
user55,password55,24.61.81.4,device55,0
user56,password56,28.156.166.60,device56,1
user57,password57,212.149.151.46,device57,1
user58,password58,175.221.58.19,device58,1
user59,password59,17.42.156.224,device59,1
user60,password60,4.152.128.46,device60,0
user61,password61,47.113.52.184,device61,1
user62,password62,142.62.205.154,device62,1
user63,password63,252.41.213.0,device63,1
user64,password64,126.98.246.84,device64,1
user65,password65,241.221.174.232,device65,0
user66,password66,182.252.224.214,device66,0
user67,password67,141.227.18.172,device67,1
user68,password68,239.161.97.112,device68,0
user69,password69,55.116.12.26,device69,1
user70,password70,208.151.85.123,device70,1
user71,password71,7.73.254.91,device71,0
user72,password72,96.11.145.17,device72,1
user73,password73,3.24.5.73,device73,1
user74,password74,19.13.2.75,device74,1
user75,password75,0.40.59.22,device75,1
user76,password76,150.234.200.27,device76,1
user77,password77,52.200.167.5,device77,1
user78,password78,51.61.15.35,device78,1
user79,password79,115.234.204.150,device79,0
user80,password80,237.35.75.242,device80,0
user81,password81,128.95.79.185,device81,1
user82,password82,243.208.228.74,device82,1
user83,password83,94.59.107.69,device83,1
user84,password84,145.42.44.34,device84,1
user85,password85,44.213.32.158,device85,1
user86,password86,132.241.105.57,device86,0
user87,password87,219.48.89.151,device87,0
user88,password88,138.230.161.17,device88,1
user89,password89,253.205.38.37,device89,0
user90,password90,81.79.241.206,device90,0
user91,password91,26.16.145.30,device91,1
user92,password92,25.218.248.67,device92,0
user93,password93,84.78.38.171,device93,1
user94,password94,12.52.89.74,device94,0
user95,password95,29.172.59.226,device95,0
user96,password96,167.225.129.184,device96,0
user97,password97,89.53.130.194,device97,0
user98,password98,255.25.221.140,device98,0
user99,password99,90.198.176.191,device99,1
